Model,MAE,RMSE,R²,Correlation,Dir_Accuracy_%
ARIMA_Time+Crypto,66.25642352821286,72.74489132512203,-0.9307609274570368,-0.30434930645947494,53.84615384615385
LSTM_Time+Crypto,327.2221923828125,340.81565126865945,-41.38015726291049,-0.5040786198131157,51.28205128205128
Ensemble_Avg_Time+Crypto,145.52004900116836,165.04416376347166,-8.938568738026248,-0.47256034558637217,46.15384615384615
Ensemble_Weighted_Time+Crypto,49.43001220322267,72.14115436618268,-0.898845708735396,-0.3951778934723666,48.717948717948715
