Model,MAE,RMSE,R²,Correlation,Dir_Accuracy_%
ARIMA_Time+Crypto,66.25642352821286,72.74489132512203,-0.9307609274570368,-0.30434930645947494,53.84615384615385
LSTM_Time+Crypto,66.91774291992189,77.06736527623394,-1.1670280179200136,-0.34717150897101606,46.15384615384615
Ensemble_Avg_Time+Crypto,60.11094045280335,70.05593994064132,-0.790661232863469,-0.39514039922508404,43.58974358974359
Ensemble_Weighted_Time+Crypto,60.09978720487578,70.04458525812483,-0.7900808183526697,-0.3952592868933688,43.58974358974359
