Model,MAE,RMSE,R²,Correlation,Dir_Accuracy_%
ARIMA_TimeOnly,45.659964427015304,60.99745850525382,-0.35752233341157225,-0.3695932333834036,46.15384615384615
LSTM_TimeOnly,598.2184020996094,601.7470348877223,-131.1147844625646,-0.1594560157182743,51.28205128205128
Ensemble_Avg_TimeOnly,307.22869507593015,313.2618184650798,-34.80456749234262,-0.22937999927180808,46.15384615384615
Ensemble_Weighted_TimeOnly,60.94300707566938,82.41679519894387,-1.4783061143261187,-0.3436516647809587,46.15384615384615
