Model,MAE,RMSE,R²,Correlation,Dir_Accuracy_%
ARIMA_TimeOnly,45.659964427015304,60.99745850525382,-0.35752233341157225,-0.3695932333834036,46.15384615384615
LSTM_TimeOnly,597.0395294189453,599.9255353359364,-130.31616715252858,-0.09051067801835261,58.97435897435898
Ensemble_Avg_TimeOnly,306.6392587355981,312.1666541112709,-34.55465932433594,-0.20144579783221256,53.84615384615385
Ensemble_Weighted_TimeOnly,60.94465547808257,82.18204635720541,-1.4642082367436968,-0.3421615403371452,46.15384615384615
