Model,MAE,RMSE,R²,Correlation,Dir_Accuracy_%
ARIMA_TimeOnly,45.659964427015304,60.99745850525382,-0.35752233341157225,-0.3695932333834036,46.15384615384615
LSTM_TimeOnly,617.3923187255859,620.043315590363,-139.27089321722107,-0.01869411821125717,58.97435897435898
Ensemble_Avg_TimeOnly,316.8156533889184,322.0332233329057,-36.83771143071708,-0.15634972418970233,56.41025641025641
Ensemble_Weighted_TimeOnly,61.01238629161877,82.20512293698722,-1.4655923220606994,-0.33548191787823484,46.15384615384615
