Model,MAE,RMSE,R²,Correlation,Dir_Accuracy_%
ARIMA_Time+Crypto,66.25642352821286,72.74489132512203,-0.9307609274570368,-0.30434930645947494,53.84615384615385
LSTM_Time+Crypto,338.30162353515624,349.3548297315416,-43.530442003984525,-0.5441111471816868,43.58974358974359
Ensemble_Avg_Time+Crypto,151.05976457734022,168.32693643353326,-9.337862256079209,-0.49339217771155786,46.15384615384615
Ensemble_Weighted_Time+Crypto,48.236230887509876,71.10589825273271,-0.8447382668883532,-0.3937515325232963,48.717948717948715
