Model,MAE,RMSE,R²,Correlation,Dir_Accuracy_%
ARIMA_Time+Crypto,66.25642352821286,72.74489132512203,-0.9307609274570368,-0.30434930645947494,53.84615384615385
LSTM_Time+Crypto,143.15714721679686,157.0213736098668,-7.995826010026612,-0.5482619008613123,56.41025641025641
Ensemble_Avg_Time+Crypto,59.69347941231689,82.80077831253696,-1.5014529627684685,-0.45486805154038634,53.84615384615385
Ensemble_Weighted_Time+Crypto,45.00916351335728,66.29673034638786,-0.6036431113217351,-0.39998561454492065,53.84615384615385
