Model,MAE,RMSE,R²,Correlation,Dir_Accuracy_%
ARIMA_Time+Crypto,47.48453907342357,58.47733350965662,-0.24766681757774034,-0.1535219744629603,53.84615384615385
LSTM_Time+Crypto,90.83657615184552,112.24943330372302,-3.5971832630665492,-0.3615688363536702,41.02564102564102
Ensemble_Avg_Time+Crypto,55.13109325744474,74.45782544300265,-1.0227592667366792,-0.39424978876493033,56.41025641025641
Ensemble_Weighted_Time+Crypto,47.33457699304673,65.93595600255028,-0.5862371518092224,-0.3591559173140227,56.41025641025641
