Model,MAE,RMSE,R²,Correlation,Dir_Accuracy_%
ARIMA_TimeOnly,45.659964427015304,60.99745850525382,-0.35752233341157225,-0.3695932333834036,46.15384615384615
LSTM_TimeOnly,548.3777648925782,552.9524019547064,-110.55755839023271,-0.12046923711088647,46.15384615384615
Ensemble_Avg_TimeOnly,282.3083764724145,289.33155826130695,-29.54324070164576,-0.18545078207854293,48.717948717948715
Ensemble_Weighted_TimeOnly,60.52852946433468,82.32585418842504,-1.4728398664154119,-0.3246947888713419,46.15384615384615
