Model,MAE,RMSE,R²,Correlation,Dir_Accuracy_%
ARIMA_TimeOnly,45.65996522230042,60.99745871661595,-0.35752234281946604,-0.3695932137704997,46.15384615384615
LSTM_TimeOnly,669.2127781383522,671.319147683625,-163.43019494371308,-0.10587942213508808,58.97435897435898
Ensemble_Avg_TimeOnly,342.7258822558588,347.24664243807473,-42.99462427169218,-0.3026494421838889,46.15384615384615
Ensemble_Weighted_TimeOnly,61.45425301253378,82.27483734293725,-1.4697760075242128,-0.3637385828847366,46.15384615384615
