Model,MAE,RMSE,R²,Correlation,Dir_Accuracy_%
ARIMA_Time+Crypto,66.25642352821286,72.74489132512203,-0.9307609274570368,-0.30434930645947494,53.84615384615385
LSTM_Time+Crypto,69.55759277343752,77.35294972453576,-1.1831182567564964,-0.6717142643880385,38.46153846153847
Ensemble_Avg_Time+Crypto,67.35585452304063,74.23439108736217,-1.010637618137423,-0.5483926718290482,43.58974358974359
Ensemble_Weighted_Time+Crypto,67.30703573145034,74.17825860861497,-1.007598072684754,-0.543694807168746,43.58974358974359
